[
	{
		"id": "1",
		"name": "Nesta Technologies",
		"owner": "Tonya Noble",
		"desc": "A company incurs fixed and variable costs such as the purchase of raw materials, salaries and overhead, as explained by AccountingTools, Inc. Business owners have the discretion to determine the actions.",
		"industry_type": "Computer Industry",
		"star_value": "4.5",
		"location": "Los Angeles, USA",
		"employee": "10-30",
		"website": "www.abcd.com",
		"contact_email": "info@abcd.com",
		"since": "1995",
		"image_src": "build/images/brands/dribbble.png"
	},
	{
		"id": "2",
		"name": "iTest Factory",
		"owner": "Thomas Taylor",
		"desc": "If several languages coalesce, the grammar of the resulting language is more simple and regular than that of the individual languages. The new common language will be more simple and regular.",
		"industry_type": "Chemical Industries",
		"star_value": "3.8",
		"location": "Berlin, Germany",
		"employee": "10-15",
		"website": "www.itesttech.com",
		"contact_email": "info@itesttech.com",
		"since": "2005",
		"image_src": "build/images/brands/bitbucket.png"
	},
	{
		"id": "3",
		"name": "Force Medicines",
		"owner": "Glen Matney",
		"desc": "At vero eos et accusamus et iusto odio dignissimos ducimus qui blanditiis praesentium voluptatum deleniti atque corrupti quos dolores et quas molestias excepturi sint occaecati cupiditate.",
		"industry_type": "Health Services",
		"star_value": "3.1",
		"location": "Phoenix, USA",
		"employee": "10-15",
		"website": "www.forcemedicine.com",
		"contact_email": "info@forcemedicine.com",
		"since": "1998",
		"image_src": "build/images/companies/img-8.png"
	},
	{
		"id": "4",
		"name": "Digitech Galaxy",
		"owner": "Alexis Clarke",
		"desc": "To take a trivial example, which of us ever undertakes laborious physical exercise, except to obtain some advantage from it? But who has any right to find fault with a man who chooses to enjoy a pleasure.",
		"industry_type": "Telecommunications Services",
		"star_value": "3.2",
		"location": "Bogota, Colombia",
		"employee": "10-25",
		"website": "www.digitech.com",
		"contact_email": "info@digitech.com",
		"since": "1992",
		"image_src": "build/images/companies/img-1.png"
	},
	{
		"id": "5",
		"name": "Zoetic Fashion",
		"owner": "James Price",
		"desc": "Sed ut perspiciatis unde omnis iste natus error sit voluptatem accusantium doloremque laudantium, totam rem aperiam, eaque ipsa quae ab illo inventore veritatis et quasi architecto beatae vitae.",
		"industry_type": "Textiles: Clothing, Footwear",
		"star_value": "4.4",
		"location": "Brasilia, Brazil",
		"employee": "10-30",
		"website": "www.zoetic.com",
		"contact_email": "info@zoetic.com",
		"since": "1993",
		"image_src": "build/images/companies/img-6.png"
	},
	{
		"id": "6",
		"name": "Micro Design",
		"owner": "Mary Cousar",
		"desc": "Ut enim ad minima veniam, quis nostrum exercitationem ullam corporis suscipit laboriosam, nisi ut aliquid ex ea commodi autem vel eum iure reprehenderit qui in ea voluptate velit esse.",
		"industry_type": "Financial Services",
		"star_value": "2.7",
		"location": "Windhoek, Namibia",
		"employee": "10-20",
		"website": "www.microdesign.com",
		"contact_email": "info@microdesign.com",
		"since": "2005",
		"image_src": "build/images/brands/dropbox.png"
	},
	{
		"id": "7",
		"name": "Syntyce Solutions",
		"owner": "Michael Morris",
		"desc": "A company incurs fixed and variable costs such as the purchase of raw materials, salaries and overhead, as explained by AccountingTools, Inc. Business owners have the discretion to determine the actions.",
		"industry_type": "Chemical Industries",
		"star_value": "4.0",
		"location": "Damascus, Syria",
		"employee": "01-15",
		"website": "www.syntycesolu.com",
		"contact_email": "info@syntycesolu.com",
		"since": "1991",
		"image_src": "build/images/brands/mail_chimp.png"
	},
	{
		"id": "8",
		"name": "Meta4Systems",
		"owner": "Nancy Martino",
		"desc": "If several languages coalesce, the grammar of the resulting language is more simple and regular than that of the individual languages. The new common language will be more simple and regular.",
		"industry_type": "Computer Industry",
		"star_value": "3.3",
		"location": "London, UK",
		"employee": "01-10",
		"website": "www.meta4systems.com",
		"contact_email": "info@meta4systems.com",
		"since": "1989",
		"image_src": "build/images/companies/img-3.png"
	},
	{
		"id": "9",
		"name": "Moetic Fashion",
		"owner": "Timothy Smith",
		"desc": "At vero eos et accusamus et iusto odio dignissimos ducimus qui blanditiis praesentium voluptatum deleniti atque corrupti quos dolores et quas molestias excepturi sint occaecati cupiditate.",
		"industry_type": "Textiles: Clothing, Footwear",
		"star_value": "4.9",
		"location": "Damascus, Syria",
		"employee": "05-50",
		"website": "www.moetic.com",
		"contact_email": "info@moetic.com",
		"since": "1975",
		"image_src": "build/images/companies/img-4.png"
	},
	{
		"id": "10",
		"name": "Syntyce Solutions",
		"owner": "Herbert Stokes",
		"desc": "To take a trivial example, which of us ever undertakes laborious physical exercise, except to obtain some advantage from it? But who has any right to find fault with a man who chooses to enjoy a pleasure.",
		"industry_type": "Health Services",
		"star_value": "2.9",
		"location": "Berlin, Germany",
		"employee": "01-60",
		"website": "www.syntyce.com",
		"contact_email": "info@syntyce.com",
		"since": "2009",
		"image_src": "build/images/brands/slack.png"
	}
]