[   
    {
        "id": 1,
        "companyLogo": "build/images/companies/img-3.png",
        "companyName": "Martin's Solutions",
        "industryType": "IT Department",
        "vacancy": "97",
        "companyDesc": "The IT department of a company ensures that the network of computers within the organisation are well-connected and functioning properly. All the other departments within the company rely on them to ensure that their respective functions can go on seamlessly.",
        "location": "Cullera, Spain",
        "employee": "250-300",
        "rating": "4.8",
        "website": "www.martinsolution.com",
        "email": "info@martinsolution.com",
        "since": "1995"
    },{
        "id": 2,
        "companyLogo": "build/images/companies/img-4.png",
        "companyName": "Syntyce Solutions",
        "industryType": "Health Services",
        "vacancy": "31",
        "companyDesc": "These cases are perfectly simple and easy to distinguish. In a free hour, when our power of choice is untrammelled and when nothing prevents to do what we like best, every pleasure is to be welcomed and every pain avoided, because it is pleasure.",
        "location": "San Lorenzo",
        "employee": "400-450",
        "rating": "4.4",
        "website": "www.syntycesolution.com",
        "email": "info@syntycesolution.com",
        "since": "2001"
    },{
        "id": 3,
        "companyLogo": "build/images/companies/img-1.png",
        "companyName": "Moetic Fashion",
        "industryType": "Textiles: Clothing, Footwear",
        "vacancy": "641",
        "companyDesc":  "Sed ut perspiciatis unde omnis iste natus error sit voluptatem accusantium doloremque laudantium, totam rem aperiam, eaque ipsa quae ab illo inventore veritatis et quasi architecto beatae vitae dicta sunt explicabo. Nemo enim quia voluptas sit.",
        "location": "Cullera, Spain",
        "employee": "900-950",
        "rating": "4.2",
        "website": "-",
        "email": "email@moeticfashion.com",
        "since": "2000"
    },{
        "id": 4,
        "companyLogo": "build/images/companies/img-5.png",
        "companyName": "Meta4Systems",
        "industryType": "Computer Industry",
        "vacancy": "322",
        "companyDesc": "In a free hour, when our power of choice is untrammelled and when nothing prevents our being able to do what we like best. But in certain circumstances and owing to the claims of duty or the obligations of business it will frequently occur.",
        "location": "Ugashik, US",
        "employee": "10-50",
        "rating": "4.5",
        "website": "www.meta4systems.com",
        "email": "support@meta4systems.com",
        "since": "2019"
    },{
        "id": 5,
        "companyLogo": "build/images/companies/img-1.png",
        "companyName": "Kent's",
        "industryType": "IT Department",
        "vacancy": "10",
        "companyDesc": "A UI/UX designer's job is to create user-friendly interfaces that enable users to understand how to use complex technical. If you're passionate, you'll find great fulfillment in being involved in the design process for the next hot gadget.",
        "location": "Zuweihir, UAE",
        "employee": "10-50",
        "rating": "4.1",
        "website": "-",
        "email": "-",
        "since": "2018"
    },{
        "id": 6,
        "companyLogo": "build/images/companies/img-7.png",
        "companyName": "Micro Design",
        "industryType": "Financial Services",
        "vacancy": "140",
        "companyDesc": "As a Product Designer, you will work within a Product Delivery Team fused with UX, engineering, product and data talent.If several languages coalesce, the grammar of the resulting If several languages coalesce, the grammar of the resulting.",
        "location": "Limestone, US",
        "employee": "300-350",
        "rating": "4.5",
        "website": "www.microdesign.com",
        "email": "info@microdesign.com",
        "since": "2016"
    },{
        "id": 7,
        "companyLogo": "build/images/companies/img-6.png",
        "companyName": "Zoetic Fashion",
        "industryType": "Textiles: Clothing, Footwear",
        "vacancy": "21",
        "companyDesc": "To achieve this, it would be necessary to have uniform grammar, pronunciation and more common words. If several languages coalesce, the grammar of the resulting language is more simple and regular than that of the individual languages existing.",
        "location": "Germany",
        "employee": "10-50",
        "rating": "3.9",
        "website": "-",
        "email": "info@zoeticfashion.com",
        "since": "2018"
    },{
        "id": 8,
        "companyLogo": "build/images/companies/img-8.png",
        "companyName": "Digitech Galaxy",
        "industryType": "Telecommunications Services",
        "vacancy": "154",
        "companyDesc": "The IT department of a company ensures that the network of computers within the organisation are well-connected and functioning properly. All the other departments within the company rely on them to ensure that their respective functions can go on seamlessly.",
        "location": "Zuweihir, UAE",
        "employee": "400-415",
        "rating": "4.0",
        "website": "-",
        "email": "-",
        "since": "2014"
    },{
        "id": 9,
        "companyLogo": "build/images/companies/img-9.png",
        "companyName": "Erlebacher's",
        "industryType": "Health Services",
        "vacancy": "134",
        "companyDesc": "Their separate existence is a myth. For science, music, sport, etc, Europe uses the same vocabulary. The languages only differ in their grammar, their pronunciation and their most common words. Everyone realizes why a new common language would be desirable.",
        "location": "San Lorenzo",
        "employee": "350-400",
        "rating": "4.4",
        "website": "-",
        "email": "info@erlebacher.com",
        "since": "2016"
    },{
        "id": 10,
        "companyLogo": "build/images/companies/img-5.png",
        "companyName": "iTest Factory",
        "industryType": "Chemical Industries",
        "vacancy": "126",
        "companyDesc": "The new common language will be more simple and regular than the existing European languages. It will be as simple as Occidental; in fact, it will be Occidental. it will seem like simplified English, as a skeptical Cambridge friend of mine told me what Occidental.",
        "location": "Texanna, US",
        "employee": "250-300",
        "rating": "4.5",
        "website": "-",
        "email": "info@itest.com",
        "since": "2016"
    },{
        "id": 11,
        "companyLogo": "build/images/companies/img-7.png",
        "companyName": "Zoetic Fashion",
        "industryType": "Textiles: Clothing, Footwear",
        "vacancy": "47",
        "companyDesc": "The IT department of a company ensures that the network of computers within the organisation are well-connected and functioning properly. All the other departments within the company rely on them to ensure that their respective functions can go on seamlessly.",
        "location": "Cullera, Spain",
        "employee": "120-150",
        "rating": "4.7",
        "website": "www.zoeticfashion.com",
        "email": "info@zoeticfashion.com",
        "since": "2015"
    },{
        "id": 12,
        "companyLogo": "build/images/companies/img-3.png",
        "companyName": "Micro Design",
        "industryType": "IT Department",
        "vacancy": "23",
        "companyDesc": "Everyone realizes why a new common language would be desirable: one could refuse to pay expensive translators. To achieve this, it would be necessary to have uniform grammar, pronunciation and more common words. If several languages coalesce of the resulting.",
        "location": "Zuweihir, UAE",
        "employee": "80-100",
        "rating": "4.6",
        "website": "www.microdesign.com",
        "email": "info@microdesign.com",
        "since": "2014"
    },{
        "id": 13,
        "companyLogo": "build/images/companies/img-4.png",
        "companyName": "Syntyce Solutions",
        "industryType": "Computer Industry",
        "vacancy": "11",
        "companyDesc": "The IT department of a company ensures that the network of computers within the organisation are well-connected and functioning properly. All the other departments within the company rely on them to ensure that their respective functions can go on seamlessly.",
        "location": "Muhtarqah, UAE",
        "employee": "50-70",
        "rating": "4.2",
        "website": "www.syntycesolutions.com",
        "email": "support@syntycesolutions.com",
        "since": "2016"
    },{
        "id": 14,
        "companyLogo": "build/images/companies/img-1.png",
        "companyName": "Asiatic Solutions",
        "industryType": "Health Services",
        "vacancy": "9",
        "companyDesc": "To achieve this, it would be necessary to have uniform grammar, pronunciation and more common words. If several languages coalesce, the grammar of the resulting language is new common language will be more simple and regular than the existing European languages.",
        "location": "Pahoa, US",
        "employee": "30-50",
        "rating": "3.8",
        "website": "www.asiaticsolution.com",
        "email": "info@asiaticsolution.com",
        "since": "2019"
    },{
        "id": 15,
        "companyLogo": "build/images/companies/img-1.png",
        "companyName": "Great Clothes",
        "industryType": "Textiles: Clothing, Footwear",
        "vacancy": "60",
        "companyDesc": "Sed ut perspiciatis unde omnis iste natus error sit voluptatem accusantium doloremque laudantium, totam rem aperiam, eaque ipsa quae ab illo inventore veritatis et quasi architecto beatae vitae dicta sunt explicabo. Nemo enim ipsam voluptatem quia voluptas sit.",
        "location": "Phoenix, Arizona",
        "employee": "120-150",
        "rating": "4.0",
        "website": "-",
        "email": "-",
        "since": "2017"
    },{
        "id": 16,
        "companyLogo": "build/images/companies/img-5.png",
        "companyName": "Kent's Solutions",
        "industryType": "IT Department",
        "vacancy": "26",
        "companyDesc": "It is a paradisematic country, in which roasted parts of sentences fly into your mouth. Even the all-powerful Pointing has no control about the blind texts it is an almost unorthographic life One day however a small line of blind text by the name of Lorem Ipsum.",
        "location": "Ghurayfah, UAE",
        "employee": "50-80",
        "rating": "4.2",
        "website": "www.kentssolution.com",
        "email": "info@kentssolution.com",
        "since": "2018"
    },{
        "id": 17,
        "companyLogo": "build/images/companies/img-4.png",
        "companyName": "Syntyce Solutions",
        "industryType": "Computer Industry",
        "vacancy": "11",
        "companyDesc": "The IT department of a company ensures that the network of computers within the organisation are well-connected and functioning properly. All the other departments within the company rely on them to ensure that their respective functions can go on seamlessly.",
        "location": "Maidaq, UAE",
        "employee": "50-70",
        "rating": "4.2",
        "website": "www.syntycesolutions.com",
        "email": "support@syntycesolutions.com",
        "since": "2016"
    },{
        "id": 18,
        "companyLogo": "build/images/companies/img-4.png",
        "companyName": "Syntyce Solutions",
        "industryType": "Health Services",
        "vacancy": "31",
        "companyDesc": "These cases are perfectly simple and easy to distinguish. In a free hour, when our power of choice is untrammelled and when nothing prevents to do what we like best, every pleasure is to be welcomed and every pain avoided, because it is pleasure.",
        "location": "Quesada, US",
        "employee": "400-450",
        "rating": "4.4",
        "website": "www.syntycesolution.com",
        "email": "info@syntycesolution.com",
        "since": "2001"
    },{
        "id": 19,
        "companyLogo": "build/images/companies/img-5.png",
        "companyName": "iTest Factory",
        "industryType": "Chemical Industries",
        "vacancy": "126",
        "companyDesc": "The new common language will be more simple and regular than the existing European languages. It will be as simple as Occidental; in fact, it will be Occidental. it will seem like simplified English, as a skeptical Cambridge friend of mine told me what Occidental.",
        "location": "Cullera, Spain",
        "employee": "250-300",
        "rating": "4.5",
        "website": "-",
        "email": "info@itest.com",
        "since": "2016"
    },{
        "id": 20,
        "companyLogo": "build/images/companies/img-6.png",
        "companyName": "Zoetic Fashion",
        "industryType": "Textiles: Clothing, Footwear",
        "vacancy": "21",
        "companyDesc": "To achieve this, it would be necessary to have uniform grammar, pronunciation and more common words. If several languages coalesce, the grammar of the resulting language is more simple and regular than that of the individual languages existing.",
        "location": "Jereirah, UAE",
        "employee": "10-50",
        "rating": "3.9",
        "website": "-",
        "email": "info@zoeticfashion.com",
        "since": "2018"
    }
]